Method,Silhouette Score,Calinski-Harabasz Index
PCA + KMeans,0.17111147940158844,790.457763671875
VAE + KMeans,0.04961618781089783,108.31785583496094
