NMI,ARI,Purity,Silhouette
0.8967836936287121,0.7081375203385329,0.78536847767617,0.24511046662168468
