Silhouette,Calinski_Harabasz
0.05450836725202687,118.25503461137488
